image,stage,area_cm2,perimeter_cm,bbox_w_cm,bbox_h_cm,aspect_ratio,circularity,centroid_x_px,centroid_y_px,centroid_x_cm,centroid_y_cm,bbox_x,bbox_y,bbox_w,bbox_h
Summer 2026 CS Projects/Real Stain Images 1/DSC_1118.JPG,pre,0.2994,3.5382,1.1511,0.6906,1.6667,0.3005,834.4,3963.5,24.012,114.0579,818,3953,40,24
Summer 2026 CS Projects/Real Stain Images 1/DSC_1121.JPG,post,68.3306,51.1775,13.2086,10.0719,1.3114,0.3278,788.1,858.6,22.6787,24.7066,518,662,459,350
Summer 2026 CS Projects/Real Stain Images 1/DSC_1118.JPG,pre,184.2853,130.3865,41.2086,7.741,5.3234,0.1362,2964.2,1924.0,85.3008,55.3678,2198,1754,1432,269
Summer 2026 CS Projects/Real Stain Images 1/DSC_1121.JPG,post,722.5725,146.4837,23.1788,42.1987,0.5493,0.4232,2734.2,2161.7,72.4294,57.2648,2347,1386,875,1593
Summer 2026 CS Projects/Real Stain Images 1/DSC_1122.JPG,pre,13.68,40.6995,10.0,2.8479,3.5113,0.1038,2710.0,1904.7,24.9773,17.5545,2044,1717,1085,309
Summer 2026 CS Projects/Real Stain Images 2/DSC_1100.JPG,pre,755.5789,147.5382,51.2222,17.1481,2.987,0.4362,3215.1,2634.4,119.0787,97.5698,2519,2399,1383,463
Summer 2026 CS Projects/Real Stain Images 2/DSC_1102.JPG,post,615.8161,154.3228,21.3,41.5,0.5133,0.3249,2747.0,1946.9,91.5669,64.8983,2470,1352,639,1245
Summer 2026 CS Projects/Real Stain Images 2/DSC_1103.JPG,pre,1042.664,155.5911,42.359,31.6923,1.3366,0.5412,2501.8,2267.2,128.2988,116.266,2107,1915,826,618
Summer 2026 CS Projects/Real Stain Images 2/DSC_1107.JPG,post,2747.5069,326.1357,55.4167,65.5833,0.845,0.3246,2941.0,2667.3,245.0871,222.2777,2626,2289,665,787
Summer 2026 CS Projects/Real Stain Images 1/DSC_1118.JPG,pre,184.2853,130.3865,41.2086,7.741,5.3234,0.1362,2964.2,1924.0,85.3008,55.3678,2198,1754,1432,269
Summer 2026 CS Projects/Real Stain Images 1/DSC_1121.JPG,post,722.5725,146.4837,23.1788,42.1987,0.5493,0.4232,2734.2,2161.7,72.4294,57.2648,2347,1386,875,1593
Summer 2026 CS Projects/Real Stain Images 1/DSC_1122.JPG,pre,13.68,40.6995,10.0,2.8479,3.5113,0.1038,2710.0,1904.7,24.9773,17.5545,2044,1717,1085,309
Summer 2026 CS Projects/Real Stain Images 2/DSC_1100.JPG,pre,755.5789,147.5382,51.2222,17.1481,2.987,0.4362,3215.1,2634.4,119.0787,97.5698,2519,2399,1383,463
Summer 2026 CS Projects/Real Stain Images 2/DSC_1102.JPG,post,615.8161,154.3228,21.3,41.5,0.5133,0.3249,2747.0,1946.9,91.5669,64.8983,2470,1352,639,1245
Summer 2026 CS Projects/Real Stain Images 2/DSC_1103.JPG,pre,1042.664,155.5911,42.359,31.6923,1.3366,0.5412,2501.8,2267.2,128.2988,116.266,2107,1915,826,618
Summer 2026 CS Projects/Real Stain Images 2/DSC_1107.JPG,post,2747.5069,326.1357,55.4167,65.5833,0.845,0.3246,2941.0,2667.3,245.0871,222.2777,2626,2289,665,787
images/DSC_1118.JPG,pre,13.0001,61.6692,11.9333,2.2083,24.9245,15.9534,0.00130001,0.616692,0.119333,0.022083,0.249245,0.159534,5.4038,0.043,2990.9,1914.4,2200,1753,1432,265
images/DSC_1121.JPG,post,83.7773,46.5006,7.525,13.4167,23.1519,18.0826,0.00837773,0.465006,0.07525,0.134167,0.231519,0.180826,0.5609,0.4869,2778.2,2169.9,2330,1380,903,1610
images/DSC_1122.JPG,pre,7.8301,52.1113,9.075,2.525,22.7118,15.6816,0.00078301,0.521113,0.09075,0.02525,0.227118,0.156816,3.5941,0.0362,2725.4,1881.8,2043,1715,1089,303
images/DSC_1124.JPG,post,71.2541,55.2642,9.3,10.025,24.0397,23.7478,0.00712541,0.552642,0.093,0.10025,0.240397,0.237478,0.9277,0.2932,2884.8,2849.7,2343,2300,1116,1203
images/DSC_1118.JPG,pre,13.0001,61.6692,11.9333,2.2083,24.9245,15.9534,0.00130001,0.616692,0.119333,0.022083,0.249245,0.159534,5.4038,0.043,2990.9,1914.4,2200,1753,1432,265
images/DSC_1121.JPG,post,83.7773,46.5006,7.525,13.4167,23.1519,18.0826,0.00837773,0.465006,0.07525,0.134167,0.231519,0.180826,0.5609,0.4869,2778.2,2169.9,2330,1380,903,1610
images/DSC_1122.JPG,pre,7.8301,52.1113,9.075,2.525,22.7118,15.6816,0.00078301,0.521113,0.09075,0.02525,0.227118,0.156816,3.5941,0.0362,2725.4,1881.8,2043,1715,1089,303
images/DSC_1124.JPG,post,71.2541,55.2642,9.3,10.025,24.0397,23.7478,0.00712541,0.552642,0.093,0.10025,0.240397,0.237478,0.9277,0.2932,2884.8,2849.7,2343,2300,1116,1203
images/DSC_1118.JPG,pre,13.0001,61.6692,11.9333,2.2083,24.9245,15.9534,0.00130001,0.616692,0.119333,0.022083,0.249245,0.159534,5.4038,0.043,2990.9,1914.4,2200,1753,1432,265
images/DSC_1121.JPG,post,83.7773,46.5006,7.525,13.4167,23.1519,18.0826,0.00837773,0.465006,0.07525,0.134167,0.231519,0.180826,0.5609,0.4869,2778.2,2169.9,2330,1380,903,1610
images/DSC_1122.JPG,pre,7.8301,52.1113,9.075,2.525,22.7118,15.6816,0.00078301,0.521113,0.09075,0.02525,0.227118,0.156816,3.5941,0.0362,2725.4,1881.8,2043,1715,1089,303
images/DSC_1124.JPG,post,71.2541,55.2642,9.3,10.025,24.0397,23.7478,0.00712541,0.552642,0.093,0.10025,0.240397,0.237478,0.9277,0.2932,2884.8,2849.7,2343,2300,1116,1203
images/DSC_1118.JPG,pre,13.0001,61.6692,11.9333,2.2083,24.9245,15.9534,0.00130001,0.616692,0.119333,0.022083,0.249245,0.159534,5.4038,0.043,2990.9,1914.4,2200,1753,1432,265
images/DSC_1121.JPG,post,83.7773,46.5006,7.525,13.4167,23.1519,18.0826,0.00837773,0.465006,0.07525,0.134167,0.231519,0.180826,0.5609,0.4869,2778.2,2169.9,2330,1380,903,1610
images/DSC_1122.JPG,pre,7.8301,52.1113,9.075,2.525,22.7118,15.6816,0.00078301,0.521113,0.09075,0.02525,0.227118,0.156816,3.5941,0.0362,2725.4,1881.8,2043,1715,1089,303
images/DSC_1124.JPG,post,71.2541,55.2642,9.3,10.025,24.0397,23.7478,0.00712541,0.552642,0.093,0.10025,0.240397,0.237478,0.9277,0.2932,2884.8,2849.7,2343,2300,1116,1203
data/images/processed/DSC_1118.JPG,pre,222536.0,4530.9326,1432.0,269.0,2964.2027,1924.032,22.2536,45.309326,14.32,2.69,29.642027,19.24032,5.3234,0.1362,2964.2,1924.0,2198,1754,1432,269
data/images/processed/DSC_1122.JPG,post,161044.5,4415.896,1085.0,309.0,2710.042,1904.6685,16.10445,44.15896,10.85,3.09,27.10042,19.046685,3.5113,0.1038,2710.0,1904.7,2044,1717,1085,309
data/images/processed/DSC_1121.JPG,pre,846.5544,147.8165,23.9205,42.649,73.5955,57.481,0.08465544,1.478165,0.239205,0.42649,0.735955,0.57481,0.5609,0.4869,2778.2,2169.9,2330,1380,903,1610
data/images/processed/DSC_1124.JPG,post,637.571,124.662,27.5762,31.4967,75.4866,75.2804,0.0637571,1.24662,0.275762,0.314967,0.754866,0.752804,0.8755,0.5155,2849.6,2841.8,2351,2308,1041,1189
data/images/processed/DSC_1118.JPG,pre,188.8407,108.6766,41.2086,7.741,85.4536,55.4029,0.01888407,1.086766,0.412086,0.07741,0.854536,0.554029,5.3234,0.2009,2969.5,1925.2,2198,1754,1432,269
data/images/processed/DSC_1122.JPG,post,13.68,40.6995,10.0,2.8479,24.9773,17.5545,0.001368,0.406995,0.1,0.028479,0.249773,0.175545,3.5113,0.1038,2710.0,1904.7,2044,1717,1085,309
data/images/processed/DSC_1121.JPG,pre,722.5725,146.4837,23.1788,42.1987,72.4294,57.2648,0.07225725,1.464837,0.231788,0.421987,0.724294,0.572648,0.5493,0.4232,2734.2,2161.7,2347,1386,875,1593
