image,actual_count,notes
data/images/processed/DSC_1118.JPG,,
data/images/processed/DSC_1121.JPG,,
data/images/processed/DSC_1122.JPG,,
data/images/processed/DSC_1124.JPG,,
data/images/processed/DSC_1100.JPG,,
data/images/processed/DSC_1102.JPG,,
data/images/processed/DSC_1103.JPG,,
data/images/processed/DSC_1107.JPG,,
data/images/processed/real_stain_images_3/00min_side_pre.png,,
data/images/processed/real_stain_images_3/00min_side_post.png,,
data/images/processed/real_stain_images_3/10min_side_pre.png,,
data/images/processed/real_stain_images_3/10min_side_post.png,,
data/images/processed/real_stain_images_3/20min_side_pre.png,,
data/images/processed/real_stain_images_3/20min_side_post.png,,
data/images/processed/real_stain_images_3/30min_side_pre.png,,
data/images/processed/real_stain_images_3/30min_side_post.png,,
data/images/processed/real_stain_images_3/00min_top_pre.png,,
data/images/processed/real_stain_images_3/00min_top_post.png,,
data/images/processed/real_stain_images_3/10min_top_pre.png,,
data/images/processed/real_stain_images_3/10min_top_post.png,,
data/images/processed/real_stain_images_3/20min_top_pre.png,,
data/images/processed/real_stain_images_3/20min_top_post.png,,
data/images/processed/real_stain_images_3/30min_top_pre.png,,
data/images/processed/real_stain_images_3/30min_top_post.png,,
