index,filename,original_file,precook_min,view,stage
1,00min_side_pre.png,IMG_2669,0,side,pre
2,00min_top_pre.png,IMG_2667,0,top,pre
3,00min_side_post.png,IMG_2670,0,side,post
4,00min_top_post.png,IMG_2668,0,top,post
5,10min_side_pre.png,IMG_2666,10,side,pre
6,10min_top_pre.png,IMG_2661,10,top,pre
7,10min_side_post.png,IMG_2664,10,side,post
8,10min_top_post.png,IMG_2662,10,top,post
9,20min_side_pre.png,IMG_2663,20,side,pre
10,20min_top_pre.png,IMG_2660,20,top,pre
11,20min_side_post.png,IMG_2655,20,side,post
12,20min_top_post.png,IMG_2653,20,top,post
13,30min_side_pre.png,IMG_2656,30,side,pre
14,30min_top_pre.png,IMG_2658,30,top,pre
15,30min_side_post.png,IMG_2652,30,side,post
16,30min_top_post.png,IMG_2657,30,top,post
